INSERT INTO gender (id, name, DATE_CREATED, LAST_UPDATED) VALUES (10000,'Horror','2022-07-15','2022-07-15');
INSERT INTO gender (id, name, DATE_CREATED, LAST_UPDATED) VALUES (10001,'Comedy','2022-07-15','2022-07-15');
INSERT INTO gender (id, name, DATE_CREATED, LAST_UPDATED) VALUES (10002, 'Drama','2022-07-15','2022-07-15');
INSERT INTO gender (id, name, DATE_CREATED, LAST_UPDATED) VALUES (10003,'Romance','2022-07-15','2022-07-15');
INSERT INTO movie (id, image, title, DATE_CREATED, LAST_UPDATED,GENDER_ID) VALUES (10000,'ImageMovie1', 'Title Movie 1', '2022-07-15','2022-07-15',10000);
INSERT INTO movie (id, image, title, DATE_CREATED, LAST_UPDATED,GENDER_ID) VALUES (10001,'ImageMovie2', 'Title Movie 2', '2022-07-15','2022-07-15',10001);
INSERT INTO movie (id, image, title, DATE_CREATED, LAST_UPDATED,GENDER_ID) VALUES (10002,'ImageMovie3', 'Title Movie 3', '2022-07-15','2022-07-15',10002);
INSERT INTO movie (id, image, title, DATE_CREATED, LAST_UPDATED,GENDER_ID) VALUES (10003,'ImageMovie4', 'Title Movie 4', '2022-07-15','2022-07-15',10003);
INSERT INTO character (id, image, name, age, weight, DATE_CREATED, LAST_UPDATED, MOVIE_ID) VALUES (10000,'ImageCharacter1', 'Name1','24','70', '2022-07-15','2022-07-15',10000);
INSERT INTO character (id, image, name, age, weight, DATE_CREATED, LAST_UPDATED, MOVIE_ID) VALUES (10001,'ImageCharacter2', 'Name2','24','70', '2022-07-15','2022-07-15',10001);
INSERT INTO character (id, image, name, age, weight, DATE_CREATED, LAST_UPDATED, MOVIE_ID) VALUES (10002,'ImageCharacter3', 'Name3','24','70', '2022-07-15','2022-07-15',10002);
INSERT INTO character (id, image, name, age, weight, DATE_CREATED, LAST_UPDATED, MOVIE_ID) VALUES (10003,'ImageCharacter4', 'Name4','24','70', '2022-07-15','2022-07-15',10003);